{
  "train_loss": [
    11.527979850769043,
    9.828737735748291,
    7.517425775527954,
    5.058091163635254,
    4.260457992553711,
    4.528184175491333,
    4.548281669616699,
    4.299904823303223,
    4.034120440483093,
    3.8807332515716553
  ],
  "val_cer": [
    1.0,
    1.0,
    1.0,
    1.0,
    1.0,
    1.0,
    1.0,
    1.0,
    1.0,
    1.0
  ],
  "val_wer": [
    1.0,
    1.0,
    1.0,
    1.0,
    1.0,
    1.0,
    1.0,
    1.0,
    1.0,
    1.0
  ]
}