{
  "train_loss": [
    4.093135952949524,
    3.9217965602874756
  ],
  "val_cer": [
    0.9629629629629629,
    0.9356856856856858
  ],
  "val_wer": [
    1.0,
    1.0
  ],
  "best_epoch": 2,
  "best_val_cer": 0.9356856856856858,
  "best_score": 1.0023523523523525
}