{
  "train_loss": [
    25.77352809906006,
    25.27674102783203,
    24.2018404006958,
    21.927979469299316,
    17.54911518096924,
    11.348417282104492,
    5.981335878372192,
    4.568982720375061,
    4.969531774520874,
    5.2218921184539795,
    5.2013161182403564,
    4.9657511711120605,
    4.668084144592285,
    4.399993896484375,
    4.141919374465942,
    3.972018837928772,
    3.9204057455062866,
    3.9501465559005737,
    4.010096788406372,
    3.969933867454529
  ],
  "val_cer": [
    1.0,
    1.0,
    1.0,
    1.0,
    1.0,
    1.0,
    1.0,
    1.0,
    1.0,
    1.0,
    1.0,
    1.0,
    1.0,
    1.0,
    1.0,
    1.0,
    1.0,
    1.0,
    1.0,
    1.0
  ],
  "val_wer": [
    1.0,
    1.0,
    1.0,
    1.0,
    1.0,
    1.0,
    1.0,
    1.0,
    1.0,
    1.0,
    1.0,
    1.0,
    1.0,
    1.0,
    1.0,
    1.0,
    1.0,
    1.0,
    1.0,
    1.0
  ]
}