{
  "train_loss": [
    26.02863121032715,
    25.613067626953125,
    24.6296329498291,
    22.717113494873047,
    19.18459129333496,
    14.576403141021729,
    10.098783016204834,
    8.946941137313843,
    8.840323448181152,
    8.926184892654419,
    8.679222345352173,
    8.417291641235352,
    8.045820474624634,
    7.904228687286377,
    7.860622406005859,
    7.845284938812256,
    7.8128132820129395,
    7.878020524978638,
    7.808302879333496,
    7.5405004024505615
  ],
  "val_cer": [
    0.972972972972973,
    0.918918918918919,
    0.972972972972973,
    0.972972972972973,
    0.972972972972973,
    0.972972972972973,
    0.972972972972973,
    0.972972972972973,
    0.972972972972973,
    0.972972972972973,
    0.972972972972973,
    0.972972972972973,
    0.972972972972973,
    0.972972972972973,
    0.972972972972973,
    0.972972972972973,
    0.972972972972973,
    0.972972972972973,
    0.972972972972973,
    0.972972972972973
  ],
  "val_wer": [
    1.0,
    1.0,
    1.0,
    1.0,
    1.0,
    1.0,
    1.0,
    1.0,
    1.0,
    1.0,
    1.0,
    1.0,
    1.0,
    1.0,
    1.0,
    1.0,
    1.0,
    1.0,
    1.0,
    1.0
  ]
}