{
  "train_loss": [
    4.0791754722595215,
    3.8970916867256165,
    3.8038066625595093,
    3.769770383834839,
    3.727433919906616,
    3.7053619027137756,
    3.686778724193573,
    3.6791131496429443,
    3.6588908433914185,
    3.6149319410324097,
    3.597591817378998,
    3.570980131626129,
    3.5661474466323853,
    3.5258208513259888,
    3.501956582069397,
    3.460170030593872,
    3.449774980545044,
    3.394367277622223,
    3.3618029356002808,
    3.3748977184295654,
    3.331212878227234,
    3.3255985379219055,
    3.2787042260169983,
    3.260546565055847,
    3.216811418533325,
    3.197804570198059,
    3.2035956978797913,
    3.272855222225189,
    3.2055534720420837,
    3.178757667541504
  ],
  "val_cer": [
    0.972972972972973,
    0.972972972972973,
    0.972972972972973,
    0.9459459459459459,
    0.918918918918919,
    0.9459459459459459,
    0.9459459459459459,
    0.9459459459459459,
    0.9459459459459459,
    0.972972972972973,
    0.9459459459459459,
    0.9459459459459459,
    0.918918918918919,
    0.9459459459459459,
    0.972972972972973,
    0.972972972972973,
    0.918918918918919,
    0.8918918918918919,
    0.918918918918919,
    0.972972972972973,
    0.972972972972973,
    0.9459459459459459,
    0.972972972972973,
    0.8918918918918919,
    0.972972972972973,
    0.972972972972973,
    0.8378378378378378,
    0.8918918918918919,
    0.8918918918918919,
    0.8378378378378378
  ],
  "val_wer": [
    1.0,
    1.0,
    1.0,
    1.0,
    1.0,
    1.0,
    1.0,
    1.0,
    1.0,
    1.0,
    1.0,
    1.0,
    1.0,
    1.0,
    1.0,
    1.0,
    1.0,
    1.0,
    1.0,
    1.0,
    1.0,
    1.0,
    1.0,
    1.0,
    1.0,
    1.0,
    1.0,
    1.0,
    1.0,
    1.0
  ],
  "best_epoch": 27,
  "best_val_cer": 0.8378378378378378
}