{
  "train_loss": [
    26.349486351013184,
    25.798158645629883,
    24.490342140197754,
    21.998406410217285,
    17.635726928710938,
    12.797089099884033,
    9.462667226791382,
    9.197886943817139,
    9.091191530227661,
    9.061891317367554
  ],
  "val_cer": [
    0.8648648648648649,
    0.972972972972973,
    0.972972972972973,
    0.972972972972973,
    0.972972972972973,
    0.972972972972973,
    0.972972972972973,
    0.972972972972973,
    0.972972972972973,
    0.972972972972973
  ],
  "val_wer": [
    1.0,
    1.0,
    1.0,
    1.0,
    1.0,
    1.0,
    1.0,
    1.0,
    1.0,
    1.0
  ]
}