{
  "train_loss": [
    3.8439201414585114,
    3.544207453727722,
    3.2817159593105316,
    2.98747710386912,
    2.7076730529467263,
    2.4955170154571533,
    2.325854485233625,
    2.1706878344217935,
    2.030445471405983,
    1.9311090509096782,
    1.8268012354771297,
    1.7342542360226314,
    1.6572652856508892,
    1.5714841236670811,
    1.4929574777682622,
    1.4038511166969936,
    1.3432245055834453,
    1.2946101228396099,
    1.2386327361067135,
    1.201778141160806,
    1.1369052579005559,
    1.0940757890542347,
    1.0233431135614712,
    0.9764812464515368,
    0.9323037788271904,
    0.8883479982614517,
    0.8469325453042984,
    0.8222311809659004,
    0.772961380581061,
    0.7200157418847084,
    0.686342736085256,
    0.6726112812757492,
    0.647538922727108,
    0.6038083508610725,
    0.5779944409926733,
    0.5446288051704565,
    0.528343769411246,
    0.49017341807484627,
    0.45451459536949795,
    0.4236322032908599
  ],
  "val_cer": [
    1.2223762807209013,
    1.2091734017285487,
    1.196969553630738,
    0.946367002360617,
    0.8579435223330348,
    0.8579435223330348,
    0.9244691704860051,
    0.8398254619094402,
    0.9903004668823165,
    0.8678633028013832,
    0.910908456662133,
    0.9395732589714789,
    0.9156069242156702,
    0.9263442404793025,
    0.8880362043490914,
    0.9219050679219025,
    0.9317185014069688,
    0.9447352022913169,
    1.2178784630855062,
    0.9730814148790156,
    0.9094768196258134,
    1.038882442191266,
    0.9357341940546278,
    0.9932381978337862,
    0.950675591358641,
    1.1371972849207754,
    1.0055093319412207,
    0.9056046810981024,
    0.9166398697987322,
    0.9183632473106158,
    1.0105331612152433,
    1.0924295713014756,
    0.9955280890071909,
    0.8885012733213198,
    0.9854486188203296,
    0.8833508273910751,
    1.0907448403907383,
    1.0497175917135284,
    0.8575461606711606,
    1.1153737604501925
  ],
  "val_wer": [
    1.0,
    1.0,
    1.0,
    1.0,
    1.0,
    1.0,
    1.0,
    1.0,
    1.0,
    1.0,
    1.0,
    1.0,
    1.0,
    1.0,
    1.0,
    1.0,
    1.625,
    1.1,
    1.05,
    1.0,
    1.575,
    1.025,
    1.0,
    1.5125,
    1.4625,
    1.2125,
    1.5375,
    1.0,
    1.2,
    1.0,
    1.275,
    1.1,
    1.05,
    1.175,
    1.225,
    1.25,
    1.225,
    1.225,
    1.275,
    1.35
  ],
  "best_epoch": 8,
  "best_val_cer": 0.8398254619094402
}