{
  "train_loss": [
    11.679404735565186,
    10.328130722045898,
    8.17833924293518,
    5.60919451713562,
    4.280433416366577,
    4.463967800140381,
    4.5816755294799805,
    4.382370948791504,
    4.105947732925415,
    3.903883695602417,
    3.873461365699768,
    3.950152277946472,
    3.990520477294922,
    3.961017370223999,
    3.8941450119018555,
    3.8424824476242065,
    3.827332377433777,
    3.8450781106948853,
    3.8601330518722534,
    3.8606722354888916
  ],
  "val_cer": [
    1.0,
    1.0,
    1.0,
    1.0,
    1.0,
    1.0,
    1.0,
    1.0,
    1.0,
    1.0,
    1.0,
    1.0,
    1.0,
    1.0,
    1.0,
    1.0,
    1.0,
    1.0,
    1.0,
    1.0
  ],
  "val_wer": [
    1.0,
    1.0,
    1.0,
    1.0,
    1.0,
    1.0,
    1.0,
    1.0,
    1.0,
    1.0,
    1.0,
    1.0,
    1.0,
    1.0,
    1.0,
    1.0,
    1.0,
    1.0,
    1.0,
    1.0
  ]
}