{
  "train_loss": [
    6.185004472732544,
    6.0652852058410645,
    5.737107038497925,
    5.19321084022522
  ],
  "val_cer": [
    0.918918918918919,
    1.0,
    1.0,
    1.0
  ],
  "val_wer": [
    1.0,
    1.0,
    1.0,
    1.0
  ],
  "best_epoch": 1,
  "best_val_cer": 0.918918918918919
}