{
  "train_loss": [
    7.627558638652165,
    4.050172408421834,
    4.013224591811498
  ],
  "val_cer": [
    1.0,
    1.0,
    1.0
  ],
  "val_wer": [
    1.0,
    1.0,
    1.0
  ]
}