{
  "train_loss": [
    4.027527958154678,
    3.722338378429413,
    3.66974800825119,
    3.618317037820816,
    3.5051045417785645,
    3.42390513420105,
    3.3322893679142,
    3.233716905117035,
    3.099563390016556,
    2.9869502782821655,
    2.8812125623226166,
    2.736523777246475,
    2.6626050174236298,
    2.4857668578624725,
    2.459614723920822,
    2.351249188184738,
    2.2531619369983673,
    2.1194581240415573,
    2.026354670524597,
    2.0322249829769135,
    1.9427955001592636,
    1.8703409433364868,
    1.7838831096887589,
    1.7152990698814392,
    1.6637597382068634,
    1.575185090303421,
    1.5519246459007263,
    1.5134152323007584,
    1.4482182562351227,
    1.3979697227478027
  ],
  "val_cer": [
    1.0137702696913222,
    1.003944971214708,
    1.003944971214708,
    1.003944971214708,
    0.995285502028923,
    0.9996714669412037,
    0.9701023771747456,
    0.9670398456582667,
    0.862086741527531,
    0.8941949395896764,
    0.9117575426785954,
    0.8985460825921353,
    0.8985460825921353,
    0.8985460825921353,
    0.8664394567355095,
    0.8664394567355095,
    0.8394124297084824,
    0.8576806979767507,
    0.8485465638426165,
    0.8717366839077365,
    0.867176471946209,
    0.8535444188404716,
    0.8475670020077914,
    0.8675872337056548,
    0.8670441968139336,
    0.8727320275017644,
    0.8292961809409177,
    0.8670441968139336,
    0.862658231901653,
    0.8594505599439811
  ],
  "val_wer": [
    1.0,
    1.0,
    1.0,
    1.0,
    1.0,
    1.0,
    1.0,
    1.0,
    1.0,
    1.0,
    1.0,
    1.0,
    1.0,
    1.0,
    1.25,
    1.25,
    1.25,
    2.0833333333333335,
    1.75,
    1.75,
    1.75,
    1.6666666666666667,
    1.8333333333333333,
    1.8333333333333333,
    2.0,
    1.75,
    2.0833333333333335,
    1.6666666666666667,
    1.75,
    1.9166666666666667
  ],
  "best_epoch": 27,
  "best_val_cer": 0.8292961809409177
}