{
  "train_loss": [
    23.561704635620117,
    12.630261898040771,
    4.736907482147217,
    5.7185869216918945,
    5.1726391315460205,
    4.38481593132019,
    4.020623564720154,
    4.199876546859741,
    4.11260461807251,
    3.8990302085876465,
    3.851133108139038,
    3.918510317802429,
    3.945870280265808,
    3.903231143951416,
    3.8782389163970947,
    3.8418078422546387,
    3.862836480140686,
    3.8693697452545166,
    3.8332371711730957,
    3.817971348762512,
    3.8191932439804077,
    3.8321099281311035,
    3.836405038833618,
    3.8290176391601562,
    3.818290948867798,
    3.82275652885437,
    3.8171164989471436,
    3.811305522918701,
    3.816869020462036,
    3.810354471206665,
    3.8173956871032715,
    3.8183716535568237,
    3.8105528354644775,
    3.8146122694015503,
    3.8119630813598633,
    3.8123399019241333,
    3.8119884729385376,
    3.8108432292938232,
    3.810892105102539,
    3.8204373121261597,
    3.8060234785079956,
    3.81178879737854,
    3.807196855545044,
    3.804054379463196,
    3.811215400695801,
    3.8072911500930786,
    3.813071370124817,
    3.8087369203567505,
    3.8127270936965942,
    3.80366313457489
  ],
  "val_cer": [
    1.0,
    1.0,
    1.0,
    1.0,
    1.0,
    1.0,
    1.0,
    1.0,
    1.0,
    1.0,
    1.0,
    1.0,
    1.0,
    1.0,
    1.0,
    1.0,
    1.0,
    1.0,
    1.0,
    1.0,
    1.0,
    1.0,
    1.0,
    1.0,
    1.0,
    1.0,
    1.0,
    1.0,
    1.0,
    1.0,
    1.0,
    1.0,
    1.0,
    1.0,
    1.0,
    1.0,
    1.0,
    1.0,
    1.0,
    1.0,
    1.0,
    1.0,
    1.0,
    1.0,
    1.0,
    1.0,
    1.0,
    1.0,
    1.0,
    1.0
  ],
  "val_wer": [
    1.0,
    1.0,
    1.0,
    1.0,
    1.0,
    1.0,
    1.0,
    1.0,
    1.0,
    1.0,
    1.0,
    1.0,
    1.0,
    1.0,
    1.0,
    1.0,
    1.0,
    1.0,
    1.0,
    1.0,
    1.0,
    1.0,
    1.0,
    1.0,
    1.0,
    1.0,
    1.0,
    1.0,
    1.0,
    1.0,
    1.0,
    1.0,
    1.0,
    1.0,
    1.0,
    1.0,
    1.0,
    1.0,
    1.0,
    1.0,
    1.0,
    1.0,
    1.0,
    1.0,
    1.0,
    1.0,
    1.0,
    1.0,
    1.0,
    1.0
  ]
}