{
  "train_loss": [
    3.9679961601893106,
    3.7843317687511444,
    3.659680664539337,
    3.4919910232226052,
    3.3277773360411325,
    3.1747749745845795,
    3.060836007197698,
    2.9994855721791587,
    2.933114767074585,
    2.8410900135835013,
    2.8014949560165405,
    2.7709419627984366,
    2.735786020755768,
    2.743144243955612,
    2.706439902385076,
    2.7140945494174957,
    2.6817822754383087,
    2.6788450280825296,
    2.676590253909429,
    2.642062167326609,
    2.6894508401552835,
    2.6413343946139016,
    2.663187732299169,
    2.646906405687332,
    2.6698136826356254,
    2.661874999602636,
    2.6818749209245047,
    2.666020025809606,
    2.7314711809158325,
    2.721011847257614,
    2.7002426385879517,
    2.720863531033198,
    2.73721045255661,
    2.7747029860814414,
    2.7855114340782166,
    2.7796839574972787,
    2.756912499666214,
    2.8028468986352286,
    2.7892079651355743,
    2.8556745648384094
  ],
  "val_cer": [
    1.2223407188432343,
    1.1851091241019645,
    1.182406421399262,
    1.196969553630738,
    0.8629060980444494,
    0.946367002360617,
    0.9385060037101447,
    0.8398254619094402,
    0.8629126496202737,
    0.972555294887919,
    0.9421373615355815,
    0.9271007494333734,
    0.92936381393328,
    0.9818416555181264,
    0.9421373615355815,
    0.9421373615355815,
    1.0186232962026307,
    0.8966049916611063,
    0.9806933669336921,
    0.8793847517831652,
    0.8913147323412417,
    0.8720949088025328,
    1.0956834987727018,
    0.9112793655711613,
    1.0930218848785027,
    1.0990458608357216,
    0.9141820622867453,
    0.8990840373541612,
    0.9566796308679051,
    0.9793519572108969,
    0.8699940868971444,
    0.9750544410712754,
    0.9669102001880641,
    0.9761272219631353,
    0.8847904089206333,
    0.8628333456903505,
    0.8731655710815927,
    0.8764762630764954,
    0.8992136411699105,
    0.8539126177342122
  ],
  "val_wer": [
    1.0,
    1.0,
    1.0,
    1.0,
    1.0,
    1.0,
    1.0,
    1.0,
    1.0,
    1.0,
    1.0,
    1.0,
    1.0,
    1.0,
    1.0,
    1.0,
    1.0,
    1.0,
    1.0,
    1.0,
    1.0,
    1.0,
    1.275,
    1.0,
    1.025,
    1.0,
    1.0,
    1.0,
    1.0,
    1.05,
    0.975,
    1.025,
    1.125,
    1.175,
    1.325,
    1.125,
    1.075,
    1.075,
    1.275,
    1.175
  ],
  "best_epoch": 8,
  "best_val_cer": 0.8398254619094402
}