{
  "train_loss": [
    12.343125343322754,
    11.830957889556885,
    10.59508466720581,
    8.902862787246704,
    7.070556163787842,
    5.924331188201904,
    4.940629720687866
  ],
  "val_cer": [
    0.918918918918919,
    1.0,
    0.9459459459459459,
    0.972972972972973,
    0.9459459459459459,
    1.0,
    1.0
  ],
  "val_wer": [
    1.0,
    1.0,
    1.0,
    1.0,
    1.0,
    1.0,
    1.0
  ],
  "best_epoch": 1,
  "best_val_cer": 0.918918918918919
}