{
  "train_loss": [
    23.561704635620117,
    13.413377285003662,
    5.1788811683654785,
    5.740314245223999,
    5.021386623382568,
    4.206234693527222,
    4.023106813430786,
    4.351204514503479,
    4.088606357574463,
    3.850208878517151
  ],
  "val_cer": [
    1.0,
    1.0,
    1.0,
    1.0,
    1.0,
    1.0,
    1.0,
    1.0,
    1.0,
    1.0
  ],
  "val_wer": [
    1.0,
    1.0,
    1.0,
    1.0,
    1.0,
    1.0,
    1.0,
    1.0,
    1.0,
    1.0
  ]
}