{
  "train_loss": [
    3.9679961601893106,
    3.782916635274887,
    3.6466971238454184,
    3.4725218613942466,
    3.269831826289495,
    3.1018361945947013,
    2.9602577288945517,
    2.8500886460145316,
    2.7520838578542075,
    2.6685022513071694,
    2.6051178872585297,
    2.536570737759272,
    2.470283051331838,
    2.424253632624944,
    2.3638848463694253,
    2.31694965561231,
    2.2684308091799417,
    2.2078202267487845,
    2.190519481897354,
    2.138314495484034,
    2.1124149411916733,
    2.076401482025782,
    2.0422042508920035,
    2.0136579970518746,
    1.9647385329008102,
    1.9426733255386353,
    1.9018104026714961,
    1.8788760602474213,
    1.8587341159582138,
    1.823927213748296,
    1.7884774655103683,
    1.7734673569599788,
    1.7432875384887059,
    1.7178505659103394,
    1.7030463566382725,
    1.6712013880411785,
    1.6512292921543121,
    1.6241007794936497,
    1.6000968168179195,
    1.5915291508038838
  ],
  "val_cer": [
    1.2223407188432343,
    1.1851091241019645,
    1.1835192989827277,
    1.196969553630738,
    0.946367002360617,
    1.1606302395418109,
    0.8822536250148479,
    1.1547361894101447,
    1.20112338379076,
    1.1073419686858155,
    0.8701549183902124,
    0.873307660015284,
    0.8706049573125814,
    0.873307660015284,
    1.013788317825663,
    0.8801135043211283,
    1.0757932895887619,
    1.015977507742214,
    1.043708522175047,
    1.0961149333343605,
    1.0804750223442174,
    1.0559440651884535,
    0.9104265192645611,
    1.1075946263668786,
    0.9633358936658084,
    0.9020861797951578,
    0.9238354858923744,
    1.1078598483832618,
    1.0450039794186468,
    0.9077532273594582,
    0.9131802009607737,
    0.9066794169870797,
    1.1040148506760348,
    1.0280473086790811,
    1.042977061333292,
    0.9851209370607592,
    0.9901448415090057,
    0.9819113691066089,
    1.107197899541166,
    1.0174879749076733
  ],
  "val_wer": [
    1.0,
    1.0,
    1.0,
    1.0,
    1.0,
    1.0,
    1.0,
    1.0,
    1.0,
    1.0,
    1.0,
    1.0,
    1.0,
    1.0,
    1.0,
    1.0,
    1.0,
    1.425,
    1.125,
    1.0,
    1.0,
    1.0,
    0.975,
    1.075,
    1.0,
    1.0,
    1.075,
    1.075,
    1.0,
    1.075,
    1.15,
    1.05,
    1.05,
    1.1,
    1.15,
    1.1,
    1.05,
    1.2,
    1.075,
    1.05
  ],
  "best_epoch": 11,
  "best_val_cer": 0.8701549183902124
}