{
  "train_loss": [
    4.062879323959351,
    3.8154096007347107,
    3.6735334992408752,
    3.6077731251716614,
    3.5633497834205627,
    3.508807063102722,
    3.4691949486732483,
    3.4057401418685913,
    3.3393102288246155,
    3.2792216539382935,
    3.2150739431381226,
    3.107999622821808,
    3.0464600324630737,
    2.95304137468338,
    2.866098165512085,
    2.7650555968284607,
    2.671319305896759,
    2.5769643783569336,
    2.457963705062866,
    2.3636280298233032,
    2.2274718284606934,
    2.1227152347564697,
    2.0244403183460236,
    1.928220272064209,
    1.8335886895656586,
    1.745041698217392,
    1.6448365449905396,
    1.5671632587909698,
    1.4588079154491425,
    1.351524531841278
  ],
  "val_cer": [
    0.972972972972973,
    0.972972972972973,
    1.0,
    0.9459459459459459,
    0.9459459459459459,
    0.918918918918919,
    0.918918918918919,
    0.9459459459459459,
    0.9459459459459459,
    0.918918918918919,
    0.918918918918919,
    0.8648648648648649,
    0.8648648648648649,
    0.8918918918918919,
    0.8378378378378378,
    0.8648648648648649,
    0.918918918918919,
    0.8378378378378378,
    0.8378378378378378,
    0.8378378378378378,
    1.0,
    0.8378378378378378,
    0.8378378378378378,
    0.8108108108108109,
    0.8108108108108109,
    0.8108108108108109,
    0.8108108108108109,
    0.8108108108108109,
    0.8648648648648649,
    0.8108108108108109
  ],
  "val_wer": [
    1.0,
    1.0,
    1.0,
    1.0,
    1.0,
    1.0,
    1.0,
    1.0,
    1.0,
    1.0,
    1.0,
    1.0,
    1.0,
    1.0,
    1.0,
    1.0,
    1.0,
    1.0,
    1.0,
    1.0,
    1.0,
    1.0,
    1.0,
    1.0,
    1.0,
    1.0,
    1.0,
    1.0,
    1.0,
    1.0
  ],
  "best_epoch": 24,
  "best_val_cer": 0.8108108108108109
}