{
  "train_loss": [
    3.9841917355855307,
    3.7937292754650116,
    3.6709492206573486,
    3.5292215645313263,
    3.3797117471694946,
    3.2840084433555603,
    3.2147668500741324,
    3.1679978171984353,
    3.1563090483347573,
    3.149713158607483,
    3.1395097772280374,
    3.168146322170893,
    3.1845052937666574,
    3.2093636890252433,
    3.2444874048233032
  ],
  "val_cer": [
    2.1310350207718627,
    2.0996582562372033,
    2.1091508357297832,
    2.092303452040294,
    2.1427870308133468,
    2.0636529710213916,
    1.0776066520803362,
    2.067042263884369,
    1.0457583423372896,
    1.0457583423372896,
    1.2425235322603743,
    1.063282239729608,
    1.0457583423372896,
    1.1917996287733132,
    1.1933147802884647
  ],
  "val_wer": [
    1.0,
    1.0,
    1.0,
    1.0,
    1.0,
    1.0,
    1.0,
    1.0,
    0.99,
    0.99,
    1.8,
    1.0,
    0.99,
    1.0,
    1.0
  ],
  "best_epoch": 9,
  "best_val_cer": 1.0457583423372896,
  "best_score": 1.5307583423372895
}