{
  "train_loss": [
    4.161216735839844,
    3.9630119800567627,
    3.80984103679657,
    3.7926105856895447,
    3.7619447112083435
  ],
  "val_cer": [
    1.1,
    1.1,
    1.1,
    1.1,
    1.1
  ],
  "val_wer": [
    1.0,
    1.0,
    1.0,
    1.0,
    1.0
  ],
  "best_epoch": 1,
  "best_val_cer": 1.1
}