{
  "train_loss": [
    25.28450298309326,
    24.35775852203369,
    22.46343994140625,
    19.24186134338379,
    13.759465217590332,
    7.624595642089844,
    4.782289981842041,
    4.977904796600342,
    5.403233051300049,
    5.4226393699646,
    5.210515737533569,
    4.864315509796143,
    4.485912799835205,
    4.202054500579834,
    4.004550814628601,
    3.9534270763397217,
    3.9814863204956055,
    3.9952622652053833,
    3.9732595682144165,
    3.9020317792892456
  ],
  "val_cer": [
    1.0,
    1.0,
    1.0,
    1.0,
    1.0,
    1.0,
    1.0,
    1.0,
    1.0,
    1.0,
    1.0,
    1.0,
    1.0,
    1.0,
    1.0,
    1.0,
    1.0,
    1.0,
    1.0,
    1.0
  ],
  "val_wer": [
    1.0,
    1.0,
    1.0,
    1.0,
    1.0,
    1.0,
    1.0,
    1.0,
    1.0,
    1.0,
    1.0,
    1.0,
    1.0,
    1.0,
    1.0,
    1.0,
    1.0,
    1.0,
    1.0,
    1.0
  ]
}