{
  "train_loss": [
    4.088979363441467,
    3.9194695353507996,
    3.8031673431396484,
    3.781627357006073,
    3.7554115653038025
  ],
  "val_cer": [
    1.1,
    1.1,
    1.1,
    1.0,
    1.0
  ],
  "val_wer": [
    1.0,
    1.0,
    1.0,
    1.0,
    1.0
  ],
  "best_epoch": 4,
  "best_val_cer": 1.0
}