{
  "train_loss": [
    7.627558638652165,
    4.050172408421834,
    4.013224591811498,
    4.017404139041901,
    4.01139172911644,
    4.0318723320961,
    4.009537438551585,
    4.068949788808823,
    4.038718601067861,
    3.995101124048233,
    4.001272867123286,
    3.9994925459225974,
    3.9978317320346832,
    3.992542803287506,
    3.9858410358428955,
    3.977923055489858,
    4.060745070377986,
    3.9727443555990853,
    3.982232133547465,
    3.9631298780441284
  ],
  "val_cer": [
    1.0,
    1.0,
    1.0,
    1.0,
    1.0,
    1.0,
    1.0,
    1.0,
    1.0,
    1.0,
    1.0,
    1.0,
    1.0,
    1.0,
    1.0,
    1.0,
    1.0,
    1.0,
    1.0,
    1.0
  ],
  "val_wer": [
    1.0,
    1.0,
    1.0,
    1.0,
    1.0,
    1.0,
    1.0,
    1.0,
    1.0,
    1.0,
    1.0,
    1.0,
    1.0,
    1.0,
    1.0,
    1.0,
    1.0,
    1.0,
    1.0,
    1.0
  ]
}